Titre,nombre,meta_item_lien,meta_item,date
La Musculation DÉcryptÉe - Saison 1 - Épisode 27 - Avec Le Champion Du Monde En Bodybuilder Naturel,1,https://www.seneweb.com/news/Video/la-musculation-decryptee-saison-1-episod_n_462843.html,Video,3 jours
Brésil: L'impressionnante Explosion D'un Téléphone Dans La Poche De Sa Propriétaire (vidéo),2,https://www.seneweb.com/news/Video/bresil-l-impressionnante-explosion-d-un-_n_463176.html,Video,6 minutes
Derniers Instants De Jimmy Mbaye Racontés Par Aby Ndour : «bimakoy Moudié Guiss...» Pape Diouf Révèle,3,https://www.seneweb.com/news/Video/derniers-instants-de-jimmy-mbaye-raconte_n_463104.html,Video,15 heures
Levée Du Corps De Jimmy Mbaye: Youssou Ndour Inconsolable Raconte Ses Derniers Instants à L’hôpital,4,https://www.seneweb.com/news/Video/levee-du-corps-de-jimmy-mbaye-youssou-nd_n_463103.html,Video,16 heures
"« Sama Papa Bimou…triste Confidence De Maman Mbaye Sur Son Père Jimmy, Viviane Dévastée",5,https://www.seneweb.com/news/Video/laquo-sama-papa-bimou-hellip-triste-conf_n_463101.html,Video,16 heures
"Décès De Jimmy Mbaye : «oh Les Larmes De Oumar Péne, Alioune Mbaye Nder Et….",6,https://www.seneweb.com/news/Video/deces-de-jimmy-mbaye-laquo-oh-les-larmes_n_463100.html,Video,16 heures
Tafmelo D - Nay Nekh,7,https://www.seneweb.com/news/Video/tafmelo-d-nay-nekh_n_463051.html,Video,Hier
Décès De Jimmy Mbaye : Cinq Choses à Savoir Sur Le Guitariste De Youssou Ndour,8,https://www.seneweb.com/news/Culture/deces-de-jimmy-mbaye-cinq-choses-a-savoi_n_463015.html,Culture,Hier
Bagarre Entre Aliou Cissé Et Fadiga à La Can 2002: Amdy Faye Fait Une Révélation Inédite,9,https://www.seneweb.com/news/Video/bagarre-entre-aliou-cisse-et-fadiga-a-la_n_462998.html,Video,Hier
Exclusif: Daddy Bibson à Cœur Ouvert «litakh Ma Beug Diomaye (…) Fata C’est Mon Frère Et.. »,10,https://www.seneweb.com/news/Video/exclusif-daddy-bibson-a-c-oelig-ur-ouver_n_462995.html,Video,Hier
Surprenante Révélation : Après Plusieurs Années D’absence L’artiste Alioune Guissé Refait Surface,11,https://www.seneweb.com/news/Video/surprenante-revelation-apres-plusieurs-a_n_462994.html,Video,Hier
"Eyti Roots: Un Talent à L’état Pur, Sort Roots Et Fait Des Révélations Inédites !",12,https://www.seneweb.com/news/Video/eyti-roots-un-talent-a-l-rsquo-etat-pur-_n_462943.html,Video,2 jours
Teranga «goro» : Diadia Bat Le Record Avec Des Bijoux En Or...,13,https://www.seneweb.com/news/Video/teranga-laquo-goro-raquo-diadia-bat-le-r_n_462939.html,Video,2 jours
4eme Sagnsé : Nelly Et Kelly Débarquent Par Surprise Au Baptême De Diadia,14,https://www.seneweb.com/news/Video/4eme-sagnse-nelly-et-kelly-debarquent-pa_n_462937.html,Video,2 jours
"Ndéye Ndiaye Banaya, Ndiaye Lo Et Engagé Explosent Le Baptême De Diadia Et Mari De Vipère",15,https://www.seneweb.com/news/Video/ndeye-ndiaye-banaya-ndiaye-lo-et-engage-_n_462935.html,Video,2 jours
3eme Sagnsé De Diadia Au Baptême De Son Fils Sérigne Fallou,16,https://www.seneweb.com/news/Video/3eme-sagnse-de-diadia-au-bapteme-de-son-_n_462934.html,Video,2 jours
"Engage Débarque Par Surprise Au Baptême De Diadia, Et Fait Vivre Le Public",17,https://www.seneweb.com/news/Video/engage-debarque-par-surprise-au-bapteme-_n_462931.html,Video,2 jours
Baptême De Diadia Et Mari De Vipère : Badiene Toute Excitée Avec La Troupe De Ndawrabine,18,https://www.seneweb.com/news/Video/bapteme-de-diadia-et-mari-de-vipere-badi_n_462930.html,Video,2 jours
Baptême De Diadia : L’arrivée Du Petit Fils De Sérigne Fallou,19,https://www.seneweb.com/news/Video/bapteme-de-diadia-l-rsquo-arrivee-du-pet_n_462929.html,Video,2 jours
La Troupe De « Ndawrabine » Explose Le Baptême De Diadia,20,https://www.seneweb.com/news/Video/la-troupe-de-laquo-ndawrabine-raquo-expl_n_462928.html,Video,2 jours
,,https://buzzsenegal.com/Photo/les-belles-images-du-mariage-de-oustas-m_n_92280.html,Photos,3 heures
,,https://buzzsenegal.com/Videos/dakar-accueille-la-legende-mike-tyson-un_n_92254.html,Video,2 jours
,,https://buzzsenegal.com/Videos/assane-diouf-laquo-dama-soukou-balou-akk_n_92251.html,Video,2 jours
,,https://buzzsenegal.com/Videos/apparition-de-nabou-leye-apres-sa-libert_n_92240.html,Video,3 jours
,,https://buzzsenegal.com/societe/disparition-mysterieuse-du-colonel-daoud_n_92213.html,Societe,6 jours
,,https://buzzsenegal.com/societe/horreur-a-keur-massar-o-hanne-19-ans-acc_n_92206.html,Faits-Divers,6 jours
,,https://buzzsenegal.com/Videos/bbei-binta-un-enterrement-de-vie-de-jeun_n_92182.html,Video,2 semaines
,,https://buzzsenegal.com/Videos/revelation-sur-aida-patra-laquo-une-dece_n_92171.html,Video,2 semaines
,,https://buzzsenegal.com/Videos/quand-la-vente-de-lingerie-rime-avec-por_n_92168.html,Video,2 semaines
,,https://buzzsenegal.com/Videos/en-live-no-face-tacle-severement-les-det_n_92147.html,Video,2 semaines
,,https://www.seneweb.com/news/People/faynara-quot-lors-de-mon-mariage-j-ai-de_n_462134.html,People,2 semaines
,,https://www.seneweb.com/news/Video/boulettes-de-alima-suppo-les-confidences_n_461930.html,Video,2 semaines
,,https://buzzsenegal.com/societe/dahra-djolof-un-mari-jaloux-sectionne-l-_n_92023.html,Societe,3 semaines
,,https://buzzsenegal.com/Confessions/dahra-djolof-un-mari-jaloux-sectionne-l-_n_92022.html,Societe,3 semaines
,,https://buzzsenegal.com/Sport/pousse-a-la-retraite-gris-bordeaux-reagi_n_91965.html,Sport,4 semaines
,,https://www.seneweb.com/news/Afrique/est-de-la-rdc-offensive-du-m23-et-des-tr_n_462442.html,Afrique,6 minutes
,,https://www.seneweb.com/news/Afrique/burkina-faso-france-quatre-argents-de-se_n_460986.html,Afrique,3 semaines
