Lien_du_titre,image,paginationbtn,paginationbtn1,motclé,catégorie_lien,catégorie,thumb_lien,type_lien,type,auteur_lien,auteur
CONTRIBUTIONS,,,,,https://www.sudquotidien.sn/category/contributions/point-de-vue-contributions/,POINT DE VUE,,,,https://www.sudquotidien.sn/author/og/,OG
ARCHIVES,,PREV,NEXT,,,,,,,,
LES ARTICLES LES PLUS LUS,,,,,https://www.sudquotidien.sn/category/societe/,SOCIÉTÉ,,,,https://www.sudquotidien.sn/author/og/,OG
SUD TECH,https://www.sudquotidien.sn/wp-content/uploads/2025/01/generaldivisionmamadougaye-850x491-1-620x420.webp,PREV,NEXT,DécouverteFintechAgritech,https://www.sudquotidien.sn/category/une/,UNE,https://www.sudquotidien.sn/migration-circulaire-plus-de-800-demandes-de-candidats-traites-a-sedhiou-baos/,https://www.sudquotidien.sn/hajj-2025-le-senegal-dispose-dun-quota-de-12-860-pelerins-delegue-general/,Hajj 2025 : le Sénégal dispose d’un quota de 12.860 pèlerins (délégué général),https://www.sudquotidien.sn/author/og/,OG
Les articles les plus commentés ,,,,,https://www.sudquotidien.sn/category/societe/,SOCIÉTÉ,,,,https://www.sudquotidien.sn/author/jean/,Jean
POLITIQUE,https://www.sudquotidien.sn/wp-content/uploads/2024/04/sonko-pm-regard_7395-620x420.jpg,PREV,NEXT,Élection présidentielleÉlections localesÉlection législative,https://www.sudquotidien.sn/category/politique/,POLITIQUE,https://www.sudquotidien.sn/rationalisation-des-depenses-publiques-liees-aux-missions-a-letranger-une-circulaire-pas-si-claire/,https://www.sudquotidien.sn/rationalisation-des-depenses-publiques-liees-aux-missions-a-letranger-une-circulaire-pas-si-claire/,Rationalisation des dépenses publiques liées aux missions à l’étranger : une circulaire pas si claire,https://www.sudquotidien.sn/author/og/,OG
SUD DOSSIERS,,,,,https://www.sudquotidien.sn/category/sud-dossier/,SUD DOSSIERS,,,,https://www.sudquotidien.sn/author/og/,OG
ECONOMIE,https://www.sudquotidien.sn/wp-content/uploads/2025/01/Vers-la-construction-de-20-000-logements-sociaux-en-2021-au-Senegal--620x420.webp,PREV,NEXT,AgriculteurPêcheÉlevage,https://www.sudquotidien.sn/category/economie/,ECONOMIE,https://www.sudquotidien.sn/suppose-contrat-de-construction-de-25-000-logements-au-senegal-par-le-secteur-prive-francais-le-patronat-du-btp-en-desaccord-avec-la-sn-hlm/,https://www.sudquotidien.sn/suppose-contrat-de-construction-de-25-000-logements-au-senegal-par-le-secteur-prive-francais-le-patronat-du-btp-en-desaccord-avec-la-sn-hlm/,Supposé contrat de construction de 25 000 logements au Sénégal par le secteur privé français ...,https://www.sudquotidien.sn/author/og/,OG
MON SUD À MOI,,,,,https://www.sudquotidien.sn/category/politique/,POLITIQUE,,,,https://www.sudquotidien.sn/author/og/,OG
SOCIAL,https://www.sudquotidien.sn/wp-content/uploads/2025/01/usein1-1536x887-1-620x420.webp,PREV,NEXT,EducationSanté,https://www.sudquotidien.sn/category/social/enseignement-superieur/,ENSEIGNEMENT SUPÉRIEUR,https://www.sudquotidien.sn/ussein-des-etudiants-reclament-lachevement-des-travaux-des-campus-social-et-pedagogique/,https://www.sudquotidien.sn/ussein-des-etudiants-reclament-lachevement-des-travaux-des-campus-social-et-pedagogique/,USSEIN : des étudiants réclament l’achèvement des travaux des campus social et pédagogique,https://www.sudquotidien.sn/author/og/,OG
REPORTAGE,,,,,https://www.sudquotidien.sn/category/societe/,SOCIÉTÉ,,,,https://www.sudquotidien.sn/author/og/,OG
SOCIÉTÉ,https://www.sudquotidien.sn/wp-content/uploads/2025/01/generaldivisionmamadougaye-850x491-1-620x420.webp,PREV,NEXT,ClimatReligionEnvironnement,https://www.sudquotidien.sn/category/une/,UNE,https://www.sudquotidien.sn/migration-circulaire-plus-de-800-demandes-de-candidats-traites-a-sedhiou-baos/,https://www.sudquotidien.sn/hajj-2025-le-senegal-dispose-dun-quota-de-12-860-pelerins-delegue-general/,Hajj 2025 : le Sénégal dispose d’un quota de 12.860 pèlerins (délégué général),https://www.sudquotidien.sn/author/og/,OG
ESPACE JEUNE,https://www.sudquotidien.sn/wp-content/uploads/2022/12/q2022__5.jpg,PREV,NEXT,Métiers porteursDécouverteFintechReportage,https://www.sudquotidien.sn/category/sport/,SPORT,,https://www.sudquotidien.sn/le-mondial-de-tata-possee-or-par-baba-diop/,Le mondial de Tata : possee or (Par Baba Diop),https://www.sudquotidien.sn/author/og/,OG
CULTURE,https://www.sudquotidien.sn/wp-content/uploads/2025/01/diagne-bachir.png,PREV,NEXT,LivreMusiqueArchitecture,https://www.sudquotidien.sn/category/une/,UNE,https://www.sudquotidien.sn/tournee-nationale-pour-le-cinquantenaire-du-film-kaddu-beykat-de-safi-faye-a-partir-de-mercredi/,https://www.sudquotidien.sn/pr-souleymane-bachir-diagne-philosophe-et-enseignant-a-columbia-university-de-new-york-les-defis-qui-sont-les-notres-demandent-que-nous-nous-comportions-comme-une-seule-et-meme-humanite/,"Pr Souleymane Bachir Diagne, philosophe et enseignant à Columbia university de New York :  ...",https://www.sudquotidien.sn/author/og/,OG
CULTURE,https://www.sudquotidien.sn/wp-content/uploads/2025/01/diagne-bachir.png,PREV,NEXT,LivreMusiqueArchitecture,https://www.sudquotidien.sn/category/une/,UNE,https://www.sudquotidien.sn/tournee-nationale-pour-le-cinquantenaire-du-film-kaddu-beykat-de-safi-faye-a-partir-de-mercredi/,,,https://www.sudquotidien.sn/author/og/,OG
